{"ja": [1.3896415801948292, 0.42958297165778053, 1.5873357501676573, -0.1515867985497186, 0.620020302190721], "ar": [2.212635241446075, 0.15383659678315614, 0.3713404468420935, -0.08288160634947309, 0.5033409448047456]}